close,daily_return
100,
102,0.020000000000000018
101,-0.009803921568627416
105,0.03960396039603964
